2025-12-11T01:56:32.930716Z,P3_ipad,r_a43c9bee,T0_list,success,,13,200,off
2025-12-11T01:57:36.147096Z,P3_ipad,r_38f5dea8,T0_list,success,,9,200,off
2025-12-11T02:10:29.929537Z,P3_ipad,r_549f5286,T0_list,success,,6,200,off
2025-12-11T02:16:37.758630Z,P3_ipad,r_e68f1904,T3_add,success,,9,200,on
2025-12-11T02:21:01.169339Z,P3_ipad,r_cbbf78e3,T0_list,success,,12,200,off
2025-12-11T02:22:21.688602Z,P3_ipad,r_32240354,T0_list,success,,9,200,off
2025-12-11T02:22:44.272572Z,P3_ipad,r_a374853a,T1_filter,success,,5,200,on
2025-12-11T02:27:17.431527Z,P3_ipad,r_aae8d331,T1_filter,success,,2,200,off
2025-12-11T02:27:17.469536Z,P3_ipad,r_3090e478,T0_list,success,,11,200,off
2025-12-11T02:27:21.670130Z,P3_ipad,r_9c41144d,T1_filter,success,,8,200,on
2025-12-11T02:27:21.852778Z,P3_ipad,r_23c03404,T1_filter,success,,7,200,on
2025-12-11T02:29:42.136610Z,P3_ipad,r_44929d0b,T2_edit,success,,5,200,on
2025-12-11T02:37:02.044967Z,P3_ipad,r_11e2a6e2,T3_add,success,,8,200,on
2025-12-11T02:42:17.215228Z,P3_ipad,r_54be80e8,T1_filter,success,,1,200,off
2025-12-11T02:42:17.240643Z,P3_ipad,r_68c88781,T0_list,success,,9,200,off
2025-12-11T02:43:33.737494Z,P3_ipad,r_361a1b75,T3_add,success,,9,200,on
2025-12-11T02:44:07.176089Z,P3_ipad,r_3cbfc30c,T2_edit,success,,5,200,on
